FirstName,LastName,Email,NodeID,FullName
1,ZKC,avashevko+1+zkc@gmail.com,1,1 ZKC
2,ZKC,avashevko+2+zkc@gmail.com,2,2 ZKC
3,ZKC,avashevko+3+zkc@gmail.com,3,3 ZKC
4,ZKC,avashevko+4+zkc@gmail.com,4,4 ZKC
5,ZKC,avashevko+5+zkc@gmail.com,5,5 ZKC
6,ZKC,avashevko+6+zkc@gmail.com,6,6 ZKC
7,ZKC,avashevko+7+zkc@gmail.com,7,7 ZKC
8,ZKC,avashevko+8+zkc@gmail.com,8,8 ZKC
9,ZKC,avashevko+9+zkc@gmail.com,9,9 ZKC
10,ZKC,avashevko+10+zkc@gmail.com,10,10 ZKC
11,ZKC,avashevko+11+zkc@gmail.com,11,11 ZKC
12,ZKC,avashevko+12+zkc@gmail.com,12,12 ZKC
13,ZKC,avashevko+13+zkc@gmail.com,13,13 ZKC
14,ZKC,avashevko+14+zkc@gmail.com,14,14 ZKC
15,ZKC,avashevko+15+zkc@gmail.com,15,15 ZKC
16,ZKC,avashevko+16+zkc@gmail.com,16,16 ZKC
17,ZKC,avashevko+17+zkc@gmail.com,17,17 ZKC
18,ZKC,avashevko+18+zkc@gmail.com,18,18 ZKC
19,ZKC,avashevko+19+zkc@gmail.com,19,19 ZKC
20,ZKC,avashevko+20+zkc@gmail.com,20,20 ZKC
21,ZKC,avashevko+21+zkc@gmail.com,21,21 ZKC
22,ZKC,avashevko+22+zkc@gmail.com,22,22 ZKC
23,ZKC,avashevko+23+zkc@gmail.com,23,23 ZKC
24,ZKC,avashevko+24+zkc@gmail.com,24,24 ZKC
25,ZKC,avashevko+25+zkc@gmail.com,25,25 ZKC
26,ZKC,avashevko+26+zkc@gmail.com,26,26 ZKC
27,ZKC,avashevko+27+zkc@gmail.com,27,27 ZKC
28,ZKC,avashevko+28+zkc@gmail.com,28,28 ZKC
29,ZKC,avashevko+29+zkc@gmail.com,29,29 ZKC
30,ZKC,avashevko+30+zkc@gmail.com,30,30 ZKC
31,ZKC,avashevko+31+zkc@gmail.com,31,31 ZKC
32,ZKC,avashevko+32+zkc@gmail.com,32,32 ZKC
33,ZKC,avashevko+33+zkc@gmail.com,33,33 ZKC
34,ZKC,avashevko+34+zkc@gmail.com,34,34 ZKC